IATA,label,latitude,longitude
AAL,Aalborg,57.092789,9.849164
AOA,Aalborg,57.092789,9.849164
ABZ,Aberdeen,57.201944,-2.197778
ABR,Aberdeen,45.4491,-98.4218
ABJ,Abidjan,5.261386,-3.926294
ABI,Abilene,32.411319,-99.681897
AUH,Abu,24.432972,54.651138
ABV,Abuja,9.006792,7.263172
ACA,Acapulco,16.757061,-99.753953
ACC,Accra,5.605186,-0.166786
ADD,Addis,8.977889,38.799319
ADL,Adelaide,-34.945,138.530556
AGA,Agadir,30.381353,-9.546311
AGF,Agen,44.174721,0.590556
BQN,Aguadilla,18.494861,-67.129444
AGU,Aguascalientes,21.705558,-102.317858
AGS,Agusta,33.369944,-81.9645
AMD,Ahmedabad,23.077242,72.63465
AJA,Ajaccio,41.923637,8.802917
AXT,Akita,39.615556,140.218611
ABC,Albacete,38.948528,-1.863517
ABY,Albany,31.5355,-84.1945
ALB,Albany,42.748267,-73.801692
ABQ,Albuquerque,35.0402222,-106.6091944
AEX,Alexandria,31.3274,-92.549833
AHO,Alghero,40.632133,8.290772
ALG,Algiers,36.691014,3.215408
ALC,Alicante,38.282169,-0.558156
ABE,Allentown,40.652083,-75.440806
ALA,Almaty,43.352072,77.040508
APN,Alpena,45.0781,-83.5603
AMA,Amarillo,35.219369,-101.705931
AMM,Amman,31.722556,35.993214
AMS,Amsterdam,52.308613,4.763889
ANC,Anchorage,61.174361,-149.996361
AOI,Ancona,43.616389,13.362222
ASD,Andros,24.698283,-77.795611
ANE,Angers,47.5603,-0.312222
QXG,Angers,47.5603,-0.312222
NCY,Annecy,45.929233,6.098764
TNR,Antananarivo,-18.79695,47.478806
ANU,Antigua,17.136749,-61.792667
ANR,Antwerp,51.189444,4.460278
ZWE,Antwerp,51.189444,4.460278
ZYZ,Antwerp,51.189444,4.460278
AOJ,Aomori,40.734722,140.690833
ATW,Appleton,44.257526,-88.507576
AAK,Aranuka,0.185278,173.636389
AQP,Arequipa,-16.341072,-71.583083
AXM,Armenia,4.452775,-75.766447
AUA,Aruba,12.501389,-70.015221
AVL,Asheville,35.436194,-82.541806
ATH,Athens,37.936358,23.944467
ATL,Atlanta,33.636719,-84.428067
ACY,Atlantic,39.457583,-74.577167
AKL,Auckland,-37.008056,174.791667
AUG,Augusta,44.320647,-69.797317
AUR,Aurillac,44.891388,2.421944
AUS,Austin,30.194528,-97.669889
AVN,Avignon,43.9073,4.901831
BCM,Bacau,46.521946,26.910278
BJZ,Badajoz,38.89125,-6.821333
SDA,Bagdad,33.262539,44.234578
YBG,Bagotville,48.330555,-70.996391
BAH,Bahrain,26.270834,50.63361
BAY,Baia,47.658389,23.470022
BFL,Bakersfield,35.433598,-119.05677
GYD,Baku,40.4675,50.046667
DPS,Bali,-8.748169,115.167172
BPN,Balikpapan,-1.268272,116.894478
BWI,Baltimore,39.175361,-76.668333
BKO,Bamako,12.533544,-7.949944
BLR,Bangalore,12.949986,77.668206
BKK,Bangkok,13.681108,100.747283
BGR,Bangor,44.807444,-68.828139
BGF,Bangui,4.398475,18.518786
BMV,Banmethuot,12.668311,108.120272
BLA,Barcelona,10.107139,-64.689161
BCN,Barcelona,41.297078,2.078464
BRI,Bari,41.138856,16.760594
BAQ,Barranquilla,10.889589,-74.780819
BSL,Basel,47.59,7.529167
BIA,Bastia,42.552664,9.483731
BSG,Bata,1.905469,9.805681
BTR,Baton,30.533167,-91.149639
BPT,Beaumont,29.950833,-94.020694
EIS,Beef,18.444834,-64.542975
PEK,Beijing,39.9608,116.257
BJS,Beijing,40.080111,116.584556
BEY,Beirut,33.820931,35.488389
BEL,Belem,-1.37925,-48.476292
BFS,Belfast,54.6575,-6.215833
BHD,Belfast,54.618056,-5.8725
BEG,beograd,44.818444,20.309139
BZE,Belize,17.539144,-88.308203
CNF,Belo,-19.63375,-43.968856
BHZ,Belo,-19.851181,-43.950628
BJI,Bemidji,47.510722,-94.934722
BGO,Bergen,60.293386,5.218142
EGC,Bergerac,44.825279,0.518611
BER,Berlin,52.31,13.24
TXL,Berlin,52.559686,13.287711
BDA,Bermuda,32.364042,-64.678703
BRN,bern,46.9141,7.497153
BZR,Beziers,43.323522,3.353903
BBI,Bhubaneswar,20.244364,85.817781
BIQ,biarritz-bayonne,43.468419,-1.523325
BIO,Bilbao,43.301097,-2.910608
BIL,Billings,45.80921,-108.537654
BLL,Billund,55.740322,9.151778
BGM,Binghamton,42.208689,-75.979839
BHX,Birmingham,52.453856,-1.748028
BHM,Birmingham,33.562942,-86.75355
BIS,Bismarck,46.775842,-100.757931
BFN,Bloemfontein,-29.092722,26.302444
BMI,Bloomington,40.477111,-88.915917
BOG,Bogota,4.701594,-74.146947
BOI,Boise,43.564361,-116.222861
BLQ,Bologna,44.535444,11.288667
BZO,Bolzano,46.460194,11.326383
BON,Bonaire,12.131044,-68.268511
BOD,Bordeaux,44.828335,-0.715556
BOS,Boston,42.364347,-71.005181
BZN,Bozeman,45.777643,-111.160151
BRD,Brainerd,46.398308,-94.138078
BSB,Brasilia,-15.8711,-47.918625
BTS,Bratislava,48.170167,17.212667
BZV,Brazzaville,-4.2517,15.253031
BRE,Bremen,53.0475,8.786667
VBS,Brescia,45.428889,10.330556
BES,Brest,48.447911,-4.418539
BGI,Bridgetown,13.074603,-59.492456
BDS,Brindisi,40.657633,17.947033
BNE,Brisbane,-27.384167,153.1175
BRS,Bristol,51.382669,-2.719089
TRI,Bristol,36.4752222,-82.4074167
BVE,Brive,45.150833,1.469167
BRQ,Brno,49.151269,16.694433
ZDN,Brno,49.2,16.61
BRO,Brownsville,25.906833,-97.425861
BQK,Brunswick,31.2588,-81.4665
BRU,Brussels,50.901389,4.484444
ZYR,Brussels,50.8,4.4
BGA,Bucaramanga,7.1265,-73.184778
OTP,Bucharest,44.572161,26.102178
BUH,Bucharest,48.0411,10.715
BUD,Budapest,47.436933,19.255592
EZE,Buenos,-34.822222,-58.535833
AEP,Buenos Aires,-34.559175,-58.415606
BUE,Buenos,-34.559175,-58.415606
BUF,Buffalo,42.940525,-78.732167
BJM,Bujumbura,-3.324019,29.318519
BUQ,Bulawayo,-20.017431,28.617869
BUR,Burbank,34.200667,-118.358667
BTV,Burlington,44.471861,-73.153278
PUS,Busan,35.179528,128.938222
BTM,Butte,45.954806,-112.497472
CFR,Caen,49.173333,-0.45
CAG,Cagliari,39.251469,9.054283
CNS,Cairns,-16.885833,145.755278
CAI,Cairo,30.121944,31.405556
YYC,Calgary,51.113888,-114.020278
CLO,Cali,3.543222,-76.381583
CLY,Calvi,42.530753,8.793189
CPE,Campeche,19.816794,-90.500314
CGR,Campo,-20.468667,-54.6725
VCA,Can,10.085119,105.711922
CBR,Canberrra,-35.306944,149.195
CUN,Cancun,21.036528,-86.877083
CAK,Canton,40.9160833,-81.4421944
CPT,Cape,-33.964806,18.601667
CCS,Caracas,10.603117,-66.990583
CWL,Cardiff,51.396667,-3.343333
CTG,Cartagena,10.442381,-75.512961
CMN,Casablanca,33.367467,-7.589967
CAS,Casablanca,33.367467,-7.589967
CPR,Casper,42.908,-106.464417
DCM,Castres,43.55625,2.289183
CTA,Catania,37.466781,15.0664
CAY,Cayenne,4.819808,-52.360447
CDC,Cedar,37.700967,-113.098847
CID,Cedar,41.884694,-91.710806
CMF,Chambery,45.63805,5.880225
CMI,Champaign,40.03925,-88.278056
CGQ,Changchun,43.5412,125.1201
CSX,Changsha,28.189158,113.219633
CRW,Charleston,38.373147,-81.593189
CHS,Charleston,32.898647,-80.040528
CLT,Charlotte,35.214,-80.943139
CHO,Charlottesville,38.138639,-78.452861
YYG,Charlottetown,46.290001,-63.121111
CHA,Chattanooga,35.035278,-85.203808
CTU,Chengdu,30.578528,103.947086
MAA,Chennai,12.994414,80.180517
CJJ,Cheongju,36.7166,127.499119
CER,Cherbourg,49.650106,-1.470281
CNX,Chiang,18.766847,98.962644
CHI,Chicago,41.978603,-87.904842
MDW,Chicago,41.785972,-87.752417
ORD,Chicago,41.978603,-87.904842
CUU,Chihuahua,28.702875,-105.964567
KIV,Chisinau,46.927744,28.930978
CKG,Chongqing,29.719217,106.641678
CHC,Christchurch,-43.489358,172.532225
CVG,Cincinnati,39.048836,-84.667822
CME,Ciudad,18.653739,-91.799017
CJS,Ciudad,31.636133,-106.428667
CEN,Ciudad,27.392639,-109.833111
CFE,Clermont,45.786661,3.169169
CLE,Cleveland,41.411689,-81.849794
CLJ,Cluj,46.785167,23.686167
COD,Cody,44.520194,-109.023806
CJB,Coimbatore,11.030031,77.043383
CLQ,Colima,19.277011,-103.577397
CLL,College,30.588583,-96.363833
CGN,Cologne,50.865917,7.142744
CMB,Colombo,7.180756,79.884117
COS,Colorado,38.805805,-104.700778
CAE,Columbia,33.938833,-81.119528
CMH,Columbus,39.997972,-82.891889
GTR,Columbus,33.450333,-88.591361
CSG,Columbus,32.5163333,-84.9388611
CKY,Conakry,9.576889,-13.611961
CPH,Copenhagen,55.617917,12.655972
COR,Cordoba,-31.323619,-64.207953
ORK,Cork,51.841269,-8.491111
CRP,Corpus,27.770361,-97.501222
COO,Cotonou,6.357228,2.384353
CVT,Coventry,52.369722,-1.479722
CZM,Cozumel,20.522403,-86.925644
CRV,Crotone,38.997225,17.080169
CUC,Cucuta,7.927567,-72.511547
CGB,Cuiaba,-15.652931,-56.116719
CUL,Culiacan,24.764547,-107.474717
CUR,Curacao,12.188853,-68.959803
CWB,Curitiba,-25.528475,-49.175775
CUZ,Cuzco,-13.535722,-71.938781
DAD,Da,16.043917,108.19937
TAE,Daegu,35.894108,128.658856
DKR,Dakar,14.739708,-17.490225
DLI,Dalat,11.75,108.367
DLC,Dalian,38.965667,121.5386
DAL,Dallas,32.847111,-96.851778
DFW,Dallas,32.896828,-97.037997
DAM,Damascus,33.410636,36.514267
DMM,Dammam,26.471161,49.79789
DAR,Dar,-6.878111,39.202625
DRW,Darwin,-12.4083333,130.87266
DAY,Dayton,39.902375,-84.219375
DAB,Daytona,29.179917,-81.058056
DOL,Deauville,49.365339,0.154306
DEL,Delhi,28.5665,77.103088
DEN,Denver,39.861656,-104.673178
DSM,Des,41.533972,-93.663083
DTT,Detroit,42.212444,-83.353389
DTW,Detroit,42.212444,-83.353389
DVL,Devils,48.114444,-98.908611
DAC,Dhaka,23.843333,90.397781
DIN,Dien,21.397481,103.007831
DIL,Dili,-8.546553,125.524719
JIB,Djibouti,11.5472,43.1594
DOH,Doha,25.261125,51.565056
DOM,Dominica,15.547028,-61.3
VDH,Dong,17.515,106.590556
DHN,Dothan,31.321339,-85.449628
DLA,Douala,4.006081,9.719481
DXB,Dubai,25.252778,55.364444
DUB,Dublin,53.421333,-6.270075
DBV,Dubrovnik,42.561353,18.268244
DLH,Duluth,46.842091,-92.193649
DUN,Dundas,76.577225,-68.77556
DND,Dundee,56.452499,-3.025833
DGO,Durango,24.124194,-104.528014
DUR,Durban,-29.970089,30.950519
MME,Durham,54.509189,-1.429406
DUS,Dusseldorf,51.289453,6.766775
DZA,Dzaoudzi,-12.804722,45.281113
ELS,East,-33.035569,27.825939
EAU,Eau,44.8658,-91.4843
EDI,Edinburgh,55.95,-3.3725
YEG,Edmonton,53.309723,-113.579722
EIN,Eindhoven,51.450139,5.374528
ELP,El,31.80725,-106.377583
EKO,Elko,40.8249,-115.792
ELM,Elmira,42.159889,-76.891611
EBB,Entebbe,0.042386,32.443503
EBL,Erbil,36.237611,43.963158
ERI,Erie,42.082022,-80.176217
EUG,Eugene,44.124583,-123.211972
EVV,Evansville,38.036997,-87.532364
EXT,Exeter,50.734444,-3.413889
FAI,Fairbanks,64.815114,-147.856267
FAR,Fargo,46.92065,-96.8157639
FAY,Fayetteville,34.9912,-78.8803
XNA,Fayetteville,36.2818694,-94.3068111
FSC,Figari,41.500557,9.097777
FNT,Flint,42.965424,-83.743629
FLR,Florence,43.809953,11.2051
FLO,Florence,34.185361,-79.723889
FRS,Flores,16.913819,-89.866383
FLN,Florianopolis,-27.670489,-48.547181
FRL,Forli,44.194753,12.070094
FDF,Fort,14.591033,-61.003175
FOD,Fort,42.5512,-94.191842
FLL,Fort,26.072583,-80.15275
RSW,Fort,26.536167,-81.755167
FMY,Fort,26.586611,-81.86325
FSM,Fort,35.336583,-94.367444
VPS,Fort,30.48325,-86.5254
FWA,Fort,40.978472,-85.195139
FOR,Fortaleza,-3.776283,-38.532556
FRA,Frankfurt,50.026421,8.543125
YFC,Fredericton,45.868889,-66.537222
FPO,Freeport,26.558686,-78.695553
FNA,Freetown,8.616444,-13.195489
FAT,Fresno,36.776194,-119.71814
FUK,Fukuoka,33.585942,130.450686
FNC,Funchal,32.697889,-16.774453
FOC,Fuzhou,25.935064,119.663272
GBE,Gaborone,-24.555225,25.918208
GNV,Gainesville,29.690056,-82.271778
KAG,Gangneung,37.753561,128.943625
GVA,Geneva,46.238064,6.10895
GOA,Genoa,44.413333,8.8375
GRJ,George,-34.005553,22.378889
GGT,George,23.562631,-75.877958
GLA,Glasgow,55.871944,-4.433056
GOI,Goa,15.380833,73.831422
GYN,Goiania,-16.632033,-49.220686
GOT,Gothenburg,57.662836,12.279819
GHB,Governors,25.284706,-76.331011
GRR,Gran,42.880833,-85.522806
GRX,Granada,37.188731,-3.777356
GCM,Grand,19.292778,-81.35775
GFK,Grand,47.949256,-97.176111
GJT,Grand,39.122413,-108.526735
GTF,Great,47.482,-111.370689
GRB,Green,44.485072,-88.129589
GSO,Greensboro,36.09775,-79.937306
GSP,Greenville,34.895556,-82.218889
GLH,Greenville,33.4829,-90.9856
GNB,Grenoble,45.362944,5.329375
GDL,Guadalajara,20.5218,-103.311167
CAN,Guangzhou,23.392436,113.298786
GUA,Guatemala,14.583272,-90.527475
GYE,Guayaquil,-2.157419,-79.883558
GYM,Guaymas,27.968983,-110.925169
GCI,Guernsey,49.434956,-2.601969
GUB,Guerrero,28.0261,-114.024
KWL,Guilin,25.218106,110.039197
KWE,Guiyang,26.538522,106.800703
GPT,Gulfport,30.407278,-89.070111
GUC,Gunnison,38.533889,-106.933056
KUV,Gunsan,35.903756,126.615906
KWJ,Gwangju,35.126389,126.808889
HAK,Haikou,19.934856,110.458961
SUN,Hailey,43.504444,-114.296194
HPH,Haiphong,20.819386,106.724989
YHZ,Halifax,44.880833,-63.50861
HAM,Hamburg,53.630389,9.988228
CMX,Hancock,47.1684,-88.4891
HGH,Hangzhou,30.229503,120.434453
HAN,Hanoi,21.221192,105.807178
HAJ,Hanover,52.461056,9.685078
HRE,Harare,-17.931806,31.092847
HRB,Harbin,45.623403,126.250328
HRL,Harlingen,26.2285,-97.654389
HSB,Harrisburg,40.193494,-76.763403
MDT,Harrisburg,40.193494,-76.763403
BDL,Hartford,41.938889,-72.683222
HAV,Havana,22.989153,-82.409086
HDN,Hayden,40.481181,-107.21766
HFE,Hefei,31.780019,117.298436
HLN,Helena,46.606806,-111.98275
HEL,Helsinki,60.317222,24.963333
HMO,Hermosillo,29.095858,-111.047858
HIB,Hibbing/Chisholm,47.3866,-92.838994
HKY,Hickory,35.741147,-81.38955
HIJ,Hiroshima,34.436111,132.919444
SGN,Ho,10.818797,106.651856
HKG,Hong,22.308919,113.914603
HNL,Honolulu,21.318681,-157.922428
HOU,Houston,29.645419,-95.278889
IAH,Houston,29.984433,-95.341442
HUX,Huatulco,15.775317,-96.262572
HUI,Hue,16.401499,107.702614
HUY,Humberside,53.574444,-0.350833
HTS,Huntington,38.3667,-82.558
HTW,Huntington,38.3667,-82.558
HSV,Huntsville,34.6371944,-86.7750556
HYD,Hyderabad,17.453117,78.467586
IAS,Iasi,47.178492,27.620631
IBZ,Ibiza,38.872858,1.373117
IDA,Idaho,43.514556,-112.07075
IGU,Iguassu,-25.59615,-54.487206
IOS,ilheus,-14.815964,-39.033197
IND,Indianapolis,39.717331,-86.294383
INL,International,48.566186,-93.403067
INV,Inverness,57.5425,-4.0475
IQT,Iquitos,-3.784739,-73.308806
IKT,Irkutsk,52.268028,104.388975
ISB,Islamabad,33.616653,73.099233
IOM,Isle,54.083333,-4.623889
ISP,Islip,40.79525,-73.100222
IST,Istanbul,40.976922,28.814606
ITH,Ithaca,42.491028,-76.458444
IVL,Ivalo,68.607269,27.405328
ZIH,Ixtapa,17.601569,-101.460536
JAC,Jackson,43.60733333,-110.73775
JAN,Jackson,32.311167,-90.075889
JAX,Jacksonville,30.494056,-81.687861
OAJ,Jacksonville,34.829164,-77.612139
JAI,Jaipur,26.824192,75.812161
CGK,Jakarta,-6.125567,106.655897
JKT,Jakarta,-6.125567,106.655897
JMS,Jamestown,46.9297,-98.6782
JED,Jeddah,21.679564,39.156536
CJU,Jeju,33.511306,126.493028
JER,Jersey,49.207947,-2.195508
TNA,Jinan,36.857214,117.215992
HIN,Jinju,35.088543,128.07037
JPA,Joao,-7.148381,-34.950681
JOE,Joensuu,62.662906,29.60755
JNB,Johannesburg,-26.139166,28.246
JOI,Joinville,-26.224453,-48.797364
JUL,Juliaca,-15.467103,-70.158169
JYV,Jyvaskyla,62.399453,25.678253
KOJ,Kagoshima,31.803397,130.719408
OGG,Kahului,20.89865,-156.430458
KAJ,Kajaani,64.285472,27.692414
AZO,Kalamazoo,42.234875,-85.552058
FCA,Kalispell,48.310472,-114.256
KAN,Kano,12.047589,8.524622
MCI,Kansas,39.297606,-94.713905
MKC,Kansas,39.1275,-94.598889
KHH,Kaohsiung,22.577094,120.350006
KHI,Karachi,24.906547,67.160797
KLV,Karlovy,50.202978,12.914983
KTW,Katowice,50.474253,19.080019
EYW,Key,24.556111,-81.759556
KHV,Khabarovsk,48.528044,135.188361
KWA,Khajalein,8.720122,167.731661
KRT,Khartoum,15.589497,32.553161
KBP,Kiev,50.345,30.894722
IEV,Kiev,50.401694,30.449697
KGL,Kigali,-1.968628,30.13945
JRO,Kilimanjaro,-3.429406,37.074461
GRK,Killeen,31.06725,-97.828917
KIN,Kingston,17.935667,-76.7875
FIH,Kinshasa,-4.38575,15.444569
ISO,Kinston,35.331389,-77.608889
FKI,Kisangani,0.5175,25.155014
KIS,Kisumu,-0.086139,34.728892
YKF,Kitchener,43.460833,-80.378611
KTT,Kittila,67.701022,24.84685
TYS,Knoxville,35.810972,-83.994028
COK,Kochi,9.947386,76.273081
USM,Koh,9.547794,100.062272
CCU,Kolkata,22.654739,88.446722
KOA,Kona,19.738767,-156.045631
ROR,Koror,7.367303,134.544278
KSC,Kosice,48.663055,21.241112
KSA,Kosrae,5.356975,162.958386
CCJ,Kozhikode,11.136839,75.9553
KRK,Krakow,50.077731,19.784836
KJA,Krasnoyarsk,56.18,92.475
KRS,Kristiansand,58.204214,8.085369
KUL,Kuala,2.745578,101.709917
KMG,Kunming,24.992364,102.743536
KUO,Kuopio,63.00715,27.797756
KAO,Kuusamo,65.987575,29.239381
KWI,Kuwait,29.226567,47.968928
LSE,La,43.878986,-91.256711
LAP,La,24.072694,-110.362475
LRH,La,46.1792,-1.19528
LFT,Lafayette,30.205278,-91.987611
LOS,Lagos,6.577369,3.321156
LCH,Lake,30.126112,-93.223335
SUF,Lamezia,38.905394,16.242269
LMP,Lampedusa,35.497914,12.618083
LAU,Lamu,-2.252417,40.913097
LUV,Langgur,-5.661619,132.731431
LAI,Lannion,48.754378,-3.471656
LAN,Lansing,42.7787,-84.587357
ACE,Lanzarote,28.945464,-13.605225
LRD,Laredo,27.54375,-99.461556
LCA,Larnaca,34.875117,33.62485
LPA,Las,27.931886,-15.386586
LAS,Las,36.080056,-115.15225
PIB,Laurel,31.4671,-89.3371
LEH,Le,49.533889,0.088056
ZLN,Le,48,0.2
LME,Le,47.948611,0.201667
LBA,Leeds,53.865897,-1.660569
LEJ,Leipzig,51.432447,12.241633
BJX,Leon,20.993464,-101.480847
LET,Leticia,-4.193549,-69.943163
LWB,Lewisburg,37.858333,-80.399444
LWS,Lewiston,46.3745,-117.015389
LEX,Lexington,38.0365,-84.605889
LIR,Liberia,10.593289,-85.544408
LBV,Libreville,0.4586,9.412283
LJG,Lijiang,26.883333,100.23333
LIL,Lille,50.561942,3.089444
XDB,Lille,50.563333,3.08805
XFA,Lille,50.563333,3.08805
LLW,Lilongwe,-13.789378,33.781
LIM,Lima,-12.021889,-77.114319
LIG,Limoges,45.862778,1.179444
LNK,Lincoln,40.850971,-96.75925
LPI,Linkoping,58.40615,15.680508
LNZ,Linz,48.233219,14.187511
LIS,Lisbon,38.781311,-9.135919
LIT,Little,34.729444,-92.224306
LZH,Liuzhou,24.2075,109.391
LPL,Liverpool,53.333611,-2.849722
LVI,Livingstone,-17.821756,25.822692
LJU,Ljubljana,46.223686,14.457611
LFW,Lom?,6.165611,1.254511
LCY,London,51.505278,0.055278
LGW,London,51.148056,-0.190278
LHR,London,51.4775,-0.461389
LON,London,51.4775,-0.461389
LTN,London,51.874722,-0.368333
STN,London,51.885,0.235
YXU,London,43.033056,-81.151111
LDB,Londrina,-23.333625,-51.130072
LGB,Long,33.817722,-118.151611
LTO,Loreto,25.989194,-111.348361
LRT,Lorient,47.760555,-3.44
LAX,Los,33.942536,-118.408075
LMM,Los,25.685194,-109.080806
SDF,Louisville,38.1740858,-85.7364989
LDE,Lourdes,43.178675,-0.006439
LAD,Luanda,-8.858375,13.231178
LPQ,Luang,19.897914,102.160764
LBB,Lubbock,33.663639,-101.822778
FBM,Lubumbashi,-11.591333,27.530889
LUN,Lusaka,-15.330817,28.452628
LUX,Luxembourg,49.626575,6.211517
LYH,Lynchburg,37.3267,-79.2004
LYS,Lyon,45.726387,5.090833
XYD,Lyon,46,5
MST,Maastricht,50.911658,5.770144
MCN,Macon,32.69285,-83.649211
MSN,Madison,43.139858,-89.337514
MAD,Madrid,40.493556,-3.566764
IXM,Madurai,9.834508,78.093378
MAJ,Majuro,7.064758,171.272022
SSG,Malabo,3.755267,8.708717
AGP,Malaga,36.6749,-4.499106
MYD,Malindi,-3.22931,40.1017
MLA,Malta,35.857497,14.4775
MGA,Managua,12.141494,-86.168178
MAO,Manaus,-3.038611,-60.049721
MAN,Manchester,53.353744,-2.27495
MHT,Manchester,42.932556,-71.435667
IXE,Mangalore,12.961267,74.890069
MNL,Manila,14.508647,121.019581
MZL,Manizales,5.029597,-75.464708
ZLO,Manzanillo,19.144778,-104.558631
MPM,Maputo,-25.920836,32.572606
MAR,Maracaibo,10.558208,-71.727856
MQT,Marquette,46.353611,-87.395278
RAK,Marrakech,31.606886,-8.0363
MRS,Marseille,43.435555,5.213611
XRF,Marseille,43.435555,5.213611
MHH,Marsh,26.511406,-77.083472
MCW,Mason,43.2247,-93.4067
MAM,Matamoros,25.769894,-97.525311
MUN,Maturin,9.749067,-63.1534
MRU,Mauritius,-20.430235,57.6836
MZT,Mazatlan,23.161356,-106.266072
MFE,McAllen,26.175833,-98.238611
MDE,Medellin,6.164536,-75.423119
MFR,Medford,42.374228,-122.8735
MXZ,Meixian,24.35,116.133
MEL,Melbourne,-37.673333,144.843333
MLB,Melbourne,28.102753,-80.645258
MEM,Memphis,35.042417,-89.976667
MDZ,Mendoza“,-32.831717,-68.792856
MAH,Menorca,39.862597,4.218647
MID,Merida,20.936981,-89.657672
MEI,Meridian,32.332624,-88.751868
ETZ,Metz,48.982142,6.251319
XZI,Metz,48.982142,6.251319
MXL,Mexicali,32.630634,-115.241637
MEX,Mexico,19.436303,-99.072097
MIA,Miami,25.79325,-80.290556
MAF,Midland,31.942528,-102.201914
BGY,Milan,45.673889,9.704166
LIN,Milan,45.445103,9.276739
MIL,Milan,45.542222,9.203333
MXP,Milan,45.630606,8.728111
PMF,Milan,44.824483,10.296367
MKE,Milwaukee,42.947222,-87.896583
MSP,Minneapolis,44.881956,-93.221767
MOT,Minot,48.259378,-101.280333
MSQ,Minsk,53.882469,28.030731
MSO,Missoula,46.916306,-114.090556
MOB,Mobile,30.691231,-88.242814
MPK,Mokpo,34.758906,126.379872
MLI,Moline,41.448528,-90.507539
MBA,Mombasa,-4.034833,39.59425
LOV,Monclova,26.955733,-101.470136
YQM,Moncton,46.112221,-64.678611
MLU,Monroe,32.510864,-92.037689
ROB,Monrovia,6.233789,-10.362311
MLW,Monrovia,6.289061,-10.758722
MBJ,Montego,18.503717,-77.913358
MRY,Monterey,36.587,-121.842944
MTR,Monteria,8.823744,-75.825831
MTY,Monterrey,25.778489,-100.106878
MVD,Montevideo,-34.838417,-56.030806
MGM,Montgomery,32.3006389,-86.3939722
MPL,Montpellier,43.576194,3.963014
YUL,Montreal,45.470556,-73.740833
YMQ,Montreal,45.681944,-74.005278
MTJ,Montrose,38.509794,-107.894242
MNI,Montserrat,16.791389,-62.193333
MLM,Morelia,19.849944,-101.0255
HAH,Moroni,-11.533661,43.27185
YVA,Moroni,-11.7108,43.2439
SVO,Moscow,55.972642,37.414589
MOW,Moscow,55.591531,37.261486
FMO,Muenster,52.134642,7.684831
MLH,Mulhouse,47.589583,7.529914
BOM,Mumbai,19.088686,72.867919
MUC,Munich,48.353783,11.786086
MCT,Muscat,23.593278,58.284444
MSL,Muscle,34.7453,-87.6102
MKG,Muskegon,43.1695,-86.2382
MWZ,Mwanza,-2.444486,32.932667
MYR,Myrtle,33.67975,-78.928333
NAN,Nadi,-17.755392,177.443378
NGS,Nagasaki,32.916944,129.913611
NGO,Nagoya,34.858414,136.805408
NBO,Nairobi,-1.319167,36.9275
KHN,Nanchang,28.865,115.9
NKG,Nanjing,31.742042,118.862025
NTE,Nantes,47.153189,-1.610725
QJZ,Nantes,47.153189,-1.610725
ACK,Nantucket,41.253053,-70.060181
NAP,Naples,40.886033,14.290781
APF,Naples,26.152619,-81.775294
BNA,Nashville,36.124472,-86.678194
NAS,Nassau,25.038958,-77.466231
NAT,Natal,-5.911417,-35.247717
NVT,Navegantes,-26.879999,-48.65139
NDJ,N'Djamena,12.133689,15.034019
NLA,N'Dola,-12.998139,28.664944
NQN,Neuquen,-38.949,-68.155711
NEV,Nevis,17.205678,-62.589869
HVN,New,41.26375,-72.886806
MSY,New,29.993389,-90.258028
EWR,New,40.6925,-74.168667
JFK,New York,40.639751,-73.778925
LGA,New,40.777245,-73.872608
NYC,New York,40.639751,-73.778925
SWF,Newburgh,41.504094,-74.104839
NCL,Newcastle,55.0375,-1.691667
PHF,Newport,37.131894,-76.492989
CXR,Nha,11.998153,109.219372
NHA,Nha,12.227467,109.192322
NIM,Niamey,13.481547,2.183614
NCE,Nice,43.658411,7.215872
KIJ,Niigata,37.5711,139.0646
NGB,Ningbo,29.826683,121.461906
NJC,Nizhnevartovsk,60.949272,76.483617
ORF,Norfolk,36.894611,-76.201222
ELH,North,25.474861,-76.683489
NWI,Norwich,52.675833,1.282778
NKC,Nouakchott,18.097856,-15.947956
NOU,Noum?a,-22.014553,166.212972
OVB,Novosibirsk,55.012622,82.650656
NUE,Nuremberg,49.4987,11.066897
OAK,Oakland,37.721278,-122.220722
OAX,Oaxaca,16.999906,-96.726639
ODS,Odessa,46.426767,30.676464
OIT,Oita,33.479444,131.737222
OKJ,Okayama,34.756944,133.855278
OKC,Oklahoma,35.393089,-97.600733
OLB,Olbia,40.898661,9.517628
OMA,Omaha,41.303167,-95.894069
ONT,Ontario,34.056,-117.601194
OMR,Oradea,47.025278,21.9025
MCO,Orlando,28.429394,-81.308994
ORL,Orlando,28.545464,-81.332936
KIX,Osaka,34.4347222,135.244167
ITM,Osaka,34.785528,135.438222
OSA,Osaka,34.785528,135.438222
OSL,Oslo,60.193917,11.100361
TRF,Oslo,59.186703,10.258628
OSR,Ostrava,49.696292,18.111053
XDS,Ottawa,45.4164,-75.6517
YOW,Ottawa,45.3225,-75.669167
OUA,Ouagadougou,12.353194,-1.512417
ULN,Oulan,47.843056,106.766639
OUL,Oulu,64.930061,25.354564
OVD,Oviedo,43.563567,-6.034622
PAH,Paducah,37.0602875,-88.7729583
PMO,Palermo,38.175958,13.091019
PSP,Palm,33.829667,-116.506694
PMI,Palma,39.55361,2.727778
ECP,Panama,30.3417,-85.7973
PFN,Panama,30.212083,-85.682806
PTY,Panama,9.071364,-79.383453
PNL,Pantelleria,36.816519,11.968864
PPT,Papeete,-17.556667,-149.611389
PFO,Paphos,34.718039,32.485731
PBM,Paramaribo,5.452831,-55.187783
CDG,Paris,49.012779,2.55
ORY,Paris,48.725278,2.359444
PAR,Paris,49.012779,2.55
XDT,Paris,49.012779,2.55
PSC,Pasco,46.2647,-119.119
PUF,Pau,43.38,-0.418611
PAU,Pauk,21.45,94.51667
PLN,Pellston,45.5709,-84.7967
POL,Pemba,-12.986753,40.522492
PEN,Penang,5.297139,100.276864
PNS,Pensacola,30.473425,-87.186611
PIA,Peoria,40.664203,-89.693258
PEI,Pereira,4.812675,-75.739519
PGX,Perigueux,45.198055,0.815556
PGF,Perpignan,42.740442,2.870667
PER,Perth,-31.940278,115.966944
PEG,Perugia,43.095906,12.513222
PSR,Pescara,42.431656,14.181067
PHL,Philadelphia,39.871944,-75.241139
PNH,Phnom,11.546556,104.844139
PHX,Phoenix,33.434278,-112.011583
PQC,Phu,10.227025,103.967169
HKT,Phuket,8.1132,98.316872
PDS,Piedras,28.627394,-100.535211
PIR,Pierre,44.3827,-100.286
PSA,Pisa,43.683917,10.39275
PIT,Pittsburgh,40.491467,-80.232872
PLB,Plattsburgh,44.650944,-73.468139
PXU,Pleiku,14.004522,108.017158
PIH,Pocatello,42.9098,-112.596
KPO,Pohang,35.987858,129.420486
PNI,Pohnpei,6.9851,158.208989
PTP,Pointe,16.265306,-61.531806
PNR,Pointe,-4.816028,11.886597
PIS,Poitiers,46.587745,0.306666
XOP,Poitiers,46.587745,0.306666
TAT,Poprad/Tatry,49.073594,20.241142
PMV,Porlamar,10.912926,-63.967581
PAP,Port,18.58005,-72.292542
PLZ,Port,-33.984919,25.617275
POG,Port,-0.711739,8.754383
PHC,Port,5.015494,6.949594
POS,Port,10.595369,-61.337242
VLI,Port,-17.699325,168.319794
PDX,Portland,45.588722,-122.5975
PWM,Portland,43.646161,-70.309281
OPO,Porto,41.248055,-8.681389
POA,Porto,-29.994428,-51.171428
BPS,Porto,-16.438611,-39.080833
PAZ,Poza,20.602671,-97.460839
PRG,Prague,50.100833,14.26
PVD,Providence,41.732581,-71.420383
PLS,Providenciales,21.773625,-72.265886
PBC,Puebla,19.158144,-98.371447
FUE,Puerto,28.452717,-13.863761
PZO,Puerto,8.288528,-62.760361
POP,Puerto,19.7579,-70.570033
PVR,Puerto,20.680083,-105.254167
PUY,Pula,44.893533,13.922192
PNQ,Pune,18.582111,73.919697
PUJ,Punta,18.567367,-68.363431
TAO,Qingdao,36.266108,120.374436
YQB,Quebec,46.791111,-71.393333
QRO,Queretaro,20.617289,-100.185658
UIH,Qui,13.954986,109.042267
UIP,Quimper,47.974981,-4.167786
UIO,Quito,-0.141144,-78.488214
RBA,Rabat,34.051467,-6.751519
VKG,Rach,9.949676,105.133659
RDU,Raleigh,35.877639,-78.787472
RAP,Rapid,44.045278,-103.057222
REC,Recife,-8.126794,-34.923039
RDM,Redmond,44.254066,-121.149964
REG,Reggio,38.071206,15.651556
YQR,Regina,50.431944,-104.665833
RNS,Rennes,48.069508,-1.734794
RNO,Reno,39.499108,-119.768108
REX,Reynosa,26.008908,-98.228513
RHI,Rhinelander,45.6312,-89.4675
RAO,Ribeirao,-21.134167,-47.774189
RCB,Richards,-28.741039,32.092111
RIC,Richmond,37.505167,-77.319667
RIX,Riga,56.923611,23.971111
RMI,Rimini,44.020292,12.611747
GIG,Rio,-22.808903,-43.243647
RIO,Rio,-22.808903,-43.243647
SDU,Rio,-22.910461,-43.163133
RGL,Rio,-51.608875,-69.312636
CRD,Rivadavia,-45.785347,-67.465508
RUH,Riyadh,24.95764,46.698776
ROA,Roanoke,37.325472,-79.975417
RTB,Roatan,16.316814,-86.522961
ROC,Rochester,43.118866,-77.672389
RST,Rochester,43.908283,-92.500014
RFD,Rockford,42.1953611,-89.0972222
RDZ,Rodez,44.407869,2.482672
FCO,Rome,41.804475,12.250797
ROM,Rome,41.951946,12.498889
ROS,Rosario,-32.903611,-60.785
ROP,Rota,14.174308,145.242536
RTM,Rotterdam,51.956944,4.437222
URO,Rouen,49.384172,1.1748
YUY,Rouyn,48.206111,-78.835556
RVN,Rovaniemi,66.564822,25.830411
RUT,Rutland,43.5294,-72.9496
SAB,Saba,17.645278,-63.220556
SAC,Sacramento,38.512524,-121.49347
SMF,Sacramento,38.695417,-121.590778
MBS,Saginaw,43.532913,-84.079647
SBH,Saint,17.9023,-62.8324
RUN,Saint Denis de la RÈunion,-20.8871,55.510308
EUX,Saint,17.496492,-62.979439
YSJ,Saint,45.316111,-65.890278
STL,Saint,38.748697,-90.370028
SLU,Saint,14.020228,-60.992936
UVF,Saint,13.733194,-60.952597
SXM,Saint,18.040953,-63.1089
SFG,Saint,18.099914,-63.047197
LED,Saint,59.800292,30.262503
STT,Saint,18.337306,-64.973361
LTT,Saint,43.2054,6.482
SYT,Saint-Yan,46.4,4.033333
SPN,Saipan,15.119003,145.729356
SLC,Salt,40.788389,-111.977772
SLW,Saltillo,25.549497,-100.928669
SSA,Salvador,-12.910994,-38.331044
SZG,Salzburg,47.793304,13.004333
KUF,Samara,53.5,50.15
ADZ,San,12.583594,-81.711192
SJT,San,31.35775,-100.496306
SAT,San,29.533694,-98.469778
SVZ,San,7.840831,-72.439742
SAN,San,32.733556,-117.189667
SFO,San,37.618972,-122.374889
SJC,San,37.3626,-121.929022
SJO,San,9.993861,-84.208806
SJD,San,23.15185,-109.721044
SJU,San,18.439417,-66.001833
CSL,San,35.236668,-120.63917
SLP,San,22.254303,-100.930806
SAP,San,15.452639,-87.923556
SAL,San,13.440947,-89.055728
SNA,Santa,33.675667,-117.868222
SBA,Santa,34.426211,-119.840372
SMR,Santa,11.11965,-74.230647
SCL,Santiago,-33.392975,-70.785803
STI,Santiago,19.406092,-70.604689
SCQ,Santiago,42.896333,-8.415144
SDQ,Santo,18.429664,-69.668925
STD,Santo,7.565111,-72.035125
SYX,Sanya,18.302897,109.412272
SJP,Sao,-20.816567,-49.406511
CGH,Sao,-23.626692,-46.655375
GRU,Sao,-23.432075,-46.469511
SAO,Sao,-23.432075,-46.469511
VCP,Sao,-23.0074,-47.1345
CTS,Sapporo,42.7752,141.692283
SPK,Sapporo,42.794475,141.666447
SJJ,Sarajevo,43.824583,18.331467
SLK,Saranac,44.3853,-74.2062
SRQ,Sarasota,27.395444,-82.554389
ASE,Sardy,39.2232,-106.869
YXE,Saskatoon,52.170834,-106.699722
SUJ,Satu,47.703275,22.8857
CIU,Sault,46.2508,-84.4724
SAV,Savannah,32.127583,-81.202139
AVP,Scranton,41.338478,-75.723403
SEA,Seattle,47.449,-122.309306
SDJ,Sendai,38.139722,140.916944
GMP,Seoul,37.558311,126.790586
ICN,Seoul,37.469075,126.450517
SEL,Seoul,37.558311,126.790586
SVQ,Sevilla,37.418,-5.893106
SEZ,Seychelles,-4.674342,55.521839
PVG,Shanghai,31.143378,121.805214
SHA,Shanghai,31.197875,121.336319
SNN,Shannon,52.701978,-8.924817
SWA,Shantou,23.4,116.683
SHE,Shenyang,41.3824,123.2901
SZX,Shenzhen,22.639258,113.810664
SHV,Shreveport,32.446629,-93.8256
SBZ,Sibiu,45.785597,24.091342
REP,Siem,13.410666,103.81284
SIN,Singapore,1.350189,103.994433
SUX,Sioux,42.402603,-96.384367
FSD,Sioux,43.582014,-96.741914
SKP,Skoplje,41.961622,21.621381
SLD,Sliac,48.637839,19.134108
SOF,Sofia,42.695194,23.406167
SHO,Sokcho,38.142614,128.598556
SBN,South,41.708661,-86.31725
SOU,Southampton,50.950261,-1.356803
SPU,Split,43.538944,16.297964
GEG,Spokane,47.619861,-117.533833
SGF,Springfield,37.245667,-93.388639
STC,St,45.546556,-94.059889
STX,St,17.701889,-64.798556
SGU,St,37.090583,-113.593056
YYT,St,47.61861,-52.751945
SCE,State,40.849278,-77.848694
SVG,Stavanger,58.876778,5.637856
ARN,Stockholm,59.651944,17.918611
STO,Stockholm,59.3233,18.081
SXB,Strasbourg,48.538319,7.628233
STR,Stuttgart,48.689878,9.221964
SCV,Suceava,47.6875,26.354056
SYD,Sydney,-33.946111,151.177222
SYR,Syracuse,43.111187,-76.106311
TPE,Taipei,25.077731,121.232822
TYN,Taiyuan,37.746897,112.628428
TLH,Tallahassee,30.396528,-84.350333
TLL,Tallinn,59.413317,24.832844
TPA,Tampa,27.975472,-82.53325
TMP,Tampere,61.414147,23.604392
TAM,Tampico,22.29645,-97.865931
TAP,Tapachula,14.794339,-92.370025
TPP,Tarapoto,-6.508742,-76.373247
TAS,Tashkent,41.257861,69.281186
TBS,Tbilissi,41.669167,44.954722
TGU,Tegucigalpa,14.060883,-87.217197
IKA,Tehran,35,51
THR,Tehran,35.689167,51.313416
TLV,Tel,32.011389,34.886667
TFN,Tenerife,28.482653,-16.341536
TFS,Tenerife,28.044475,-16.572489
TCI,Tenerife,28.482653,-16.341536
TPQ,Tepic,21.419453,-104.842581
TXK,Texarkana,33.453722,-93.991028
TBI,The,24.315,-75.45361
SKG,Thessaloniki,40.519725,22.97095
TVF,Thief,48.065556,-96.185
TRV,Thiruvananthapuram,8.482122,76.920114
YQT,Thunder,48.371944,-89.323889
TSN,Tianjin,39.124353,117.346183
TIJ,Tijuana,32.541064,-116.970158
TSR,Timisoara,45.809861,21.337861
TIQ,Tinian,14.999203,145.61935
TIA,Tirana,41.414742,19.720561
TGM,Tirgu,46.467714,24.412525
TRZ,Tiruchirapally,10.765364,78.709722
HND,Tokyo,35.552258,139.779694
NRT,Tokyo,35.764722,140.386389
TYO,Tokyo,35.552258,139.779694
TOL,Toledo,41.586806,-83.807833
TLC,Toluca,19.337072,-99.566008
YYZ,Toronto,43.677223,-79.630556
YTO,Toronto,43.655996,-79.38416
TRC,Torreon,25.568278,-103.410583
TLN,Toulon,43.0973,6.14603
XZV,Toulon,43.0973,6.14603
TLS,Toulouse,43.629075,1.363819
XSH,Tours,47.385626,0.723347
TUF,Tours,47.432222,0.727606
TDX,Trad,12.274572,102.318958
TVC,Traverse,44.741445,-85.582235
TCB,Treasure,26.745336,-77.391269
TRS,Trieste,45.8275,13.472222
TIP,Tripoli,32.663544,13.159011
TRD,Trondheim,63.457556,10.92425
TRU,Trujillo,-8.081411,-79.108761
TKK,Truk,7.461869,151.843006
TUS,Tucson,32.116083,-110.941028
TUL,Tulsa,36.198389,-95.888111
TUN,Tunis,36.851033,10.227217
TUP,Tupelo,34.2681,-88.7699
TRN,Turin,45.200761,7.649631
ZTC,Turin,45.086353,7.603375
TKU,Turku,60.514142,22.262808
TWF,Twin,42.481803,-114.487733
TYR,Tyler,32.354139,-95.402386
UDI,Uberlandia,-18.882844,-48.225594
USN,Ulsan,35.593494,129.351722
URC,Urumqi,43.907106,87.474244
USH,Ushuaia“,-54.843278,-68.29575
VAA,Vaasa,63.05065,21.762175
BDQ,Vadodara,22.336164,73.226289
FAE,Vagar,62.063628,-7.277219
EGE,Vail,39.642556,-106.917694
YVO,Val,48.053333,-77.782778
VLD,Valdosta,30.7825,-83.2767
VLC,Valencia,39.489314,-0.481625
VLN,Valencia,10.149733,-67.9284
VLL,Valladolid,41.706111,-4.851944
YVR,Vancouver,49.193889,-123.184444
VCE,Venice,45.505278,12.351944
VER,Veracruz,19.145931,-96.187267
VRN,Verona,45.395706,10.888533
VCT,Victoria,28.8526,-96.9185
YYJ,Victoria,48.646944,-123.425833
VFA,Victoria,-18.095881,25.839006
VIE,Vienna,48.110278,16.569722
VTE,Vientiane,17.988322,102.563256
VGO,Vigo,42.2318,-8.626775
VSA,Villahermosa,17.997,-92.817361
VNO,Vilnius,54.634133,25.285767
VII,Vinh,18.737569,105.670764
VIX,Vitoria,-20.258056,-40.286389
VVO,Vladivostok,43.398953,132.148017
ACT,Waco,31.611289,-97.230519
WLS,Wallis,-13.238281,-176.199228
WAW,Warsaw,52.16575,20.967122
DCA,Washington,38.852083,-77.037722
IAD,Washington,38.944533,-77.455811
WAS,Washington,38.89746,-77.00643
ALO,Waterloo,42.5571,-92.4003
ATY,Waterton,44.914,-97.1547
CWA,Wausau,44.772726,-89.646635
WEH,Weihai,37.1871,122.229
WNZ,Wenzhou,27.9122,120.852
PBI,West,26.683161,-80.095589
WYS,West,44.688333,-111.1175
HPN,Westchester,41.066959,-73.707575
ICT,Wichita,37.649944,-97.433056
ILM,Wilmington,34.270615,-77.902569
WDH,Windhoek,-22.486667,17.4625
YWG,Winnipeg,49.910036,-97.239886
WJU,Won,37.438081,127.960383
WUH,Wuhan,30.783758,114.2081
XIY,Xi,34.447119,108.751592
SIA,Xi,34.3767,109.12
XMN,Xiamen,24.544036,118.127739
XUZ,Xuzhou,34.16,117.11
RGN,Yangon,16.907305,96.133222
YNY,Yangyang,38.061311,128.669164
YNJ,Yanji,42.8828,129.451258
YNT,Yantai,37.401667,121.371667
NSI,Yaound?,3.722556,11.553269
YAO,Yaound?,3.836039,11.523461
YAP,Yap,9.498911,138.082497
YEC,Yecheon,36.631933,128.35485
SVX,Yekaterinburg,56.743108,60.802728
RSU,Yeosu,34.842328,127.61685
EVN,Yerevan,40.147275,44.395881
YIW,Yiwu,29.3447,120.032
ZAD,Zadar,44.108269,15.346697
ZAG,Zagreb,45.742931,16.068778
ZNZ,Zanzibar,-6.222025,39.224886
ZAZ,Zaragoza,41.666242,-1.041553
ZHA,Zhanjiang,21.2144,110.358
CGO,Zhengzhou,34.519672,113.840889
ZUH,Zhuhai,22.0064,113.376
ILZ,Zilina,49.231528,18.6135
ZRH,Zurich,47.464722,8.549167
MYJ,Matsyuama,36.0348,139.402
